query,completion
pediatric care,Pediatric care
specialized centers,Specialized clinics
child,Pediatric care
nuclear tests,Nuclear medicine
emergency medical clinic,Emergency medical care
internal m,Internal medicine care
surgical care,Surgical care
pediatric health,Pediatric care
child services,Pediatric care
infectious disease options,Infectious disease care
nuclear medicine procedures,Nuclear medicine
dental specialists,Dental care
specialty,Specialized clinics
women health,Women's health
lab examinations,Laboratory services
internal me,Internal medicine care
physical therapy treatment,Physical medicine and rehabilitation
occupational health services,Occupational and sports medicine
physical therapy center,Physical medicine and rehabilitation
physical therapy clinic,Physical medicine and rehabilitation
speci,Specialized clinics
ENT doctor,Otorhinolaryngological care
internal doctor,Internal medicine care
eye clinic,Ophthalmological care
intern,Internal medicine care
psychological health,Psychological and psychiatric care
dentist,Dental care
labora,Laboratory services
infectious disease health,Infectious disease care
women screenings,Women's health
nuclear department,Nuclear medicine
surgeon expert,Surgical care
child care,Pediatric care
diagnostic tests,Radiological diagnostics
mental health care services,Psychological and psychiatric care
dental treatment,Dental care
specialty medical,Specialized clinics
internal health,Internal medicine care
emergency medical treatment,Emergency medical care
surgical procedures,Surgical care
sports health,Occupational and sports medicine
specialized care,Specialized clinics
reproductive disease,Reproductive medicine
specialized care clinics,Specialized clinics
nuclear facilities,Nuclear medicine
general care,Internal medicine care
psychiatric care,Psychological and psychiatric care
eye health,Ophthalmological care
diagnostic examinations,Radiological diagnostics
internal check,Internal medicine care
child healthcare,Pediatric care
nuclear scans,Nuclear medicine
fertility medicine,Reproductive medicine
ear nose throat medical care,Otorhinolaryngological care
rehab center,Physical medicine and rehabilitation
radiological specialists,Radiological diagnostics
medical examination,Internal medicine care
oncological care,Oncological care
internist,Internal medicine care
internal checkup,Internal medicine care
interna,Internal medicine care
laborator,Laboratory services
emergency clinic,Emergency medical care
rehab specialists,Physical medicine and rehabilitation
cancer services,Oncological care
pharmacology clinic,Clinical pharmacology
psychiatric services,Psychological and psychiatric care
lab testing,Laboratory services
teeth,Dental care
int,Internal medicine care
clinical pharmacology,Clinical pharmacology
sports health specialists,Occupational and sports medicine
nucle,Nuclear medicine
surgical specialists,Surgical care
nuclear treatments,Nuclear medicine
nuclear techniques,Nuclear medicine
nuclear med,Nuclear medicine
sports health treatment,Occupational and sports medicine
surgeon care,Surgical care
emergency medical checkup,Emergency medical care
surgical treatment,Surgical care
surgery health,Surgical care
health check,General medical care
ear nose throat care,Otorhinolaryngological care
emergency medical specialists,Emergency medical care
surgery services,Surgical care
ear nose throat clinic,Otorhinolaryngological care
otorhinolaryngological doctor,Otorhinolaryngological care
psychiatric care services,Psychological and psychiatric care
nuclear specialists,Nuclear medicine
emergency care services,Emergency medical care
dental checkup,Dental care
gynecological care,Women's health
women check,Women's health
otorhinolaryngological clinic,Otorhinolaryngological care
medical services,General medical care
mental health treatment,Psychological and psychiatric care
general health care,General medical care
occupational medicine specialists,Occupational and sports medicine
medical imaging,Radiological diagnostics
psychiatric clinic,Psychological and psychiatric care
eye care,Ophthalmological care
dental checkup,Dental care
nucl,Nuclear medicine
cancer center,Oncological care
ENT examination,Otorhinolaryngological care
laborato,Laboratory services
oncology center,Oncological care
oncological treatments,Oncological care
reproductive health,Reproductive medicine
pharmacology treatment,Clinical pharmacology
lab work,Laboratory services
child clinic,Pediatric care
dental clinic,Dental care
dental,Dental care
women clinic,Women's health
infectious disease doctors,Infectious disease care
special,Specialized clinics
pediatric clinic,Pediatric care
infectious disease care,Infectious disease care
diagnostic lab,Laboratory services
otorhinolaryngological specialist,Otorhinolaryngological care
dental center,Dental care
women health treatments,Women's health
rehabilitation center,Physical medicine and rehabilitation
surgical clinic,Surgical care
pediatric medicine,Pediatric care
genetic disorder,Reproductive medicine
reproductive clinic,Reproductive medicine
pharmaceutical services,Clinical pharmacology
otorhinolaryngological examinations,Otorhinolaryngological care
nuc,Nuclear medicine
rehabilitation clinic,Physical medicine and rehabilitation
infectious disease experts,Infectious disease care
nuclear medicine scans,Nuclear medicine
surgery center,Surgical care
clinical pharmacy,Clinical pharmacology
nuclea,Nuclear medicine
occupational health treatment,Occupational and sports medicine
oncological treatment,Oncological care
physical therapy options,Physical medicine and rehabilitation
surgery care services,Surgical care
women care,Women's health
general care,General medical care
eye specialists,Ophthalmological care
pediatric center,Pediatric care
fertility clinic,Reproductive medicine
rehabilitation services,Physical medicine and rehabilitation
nuclear therapy,Nuclear medicine
internal,Internal medicine care
oncological facilities,Oncological care
emergency treatment,Emergency medical care
comprehensive care,General medical care
dental clinic,Dental care
dental health,Dental care
diagnostic clinic,Radiological diagnostics
primary care,General medical care
emergency health,Emergency medical care
physical health,Physical medicine and rehabilitation
emergency medical assistance,Emergency medical care
genes,Reproductive medicine
occupational health clinic,Occupational and sports medicine
nuclear medicine tests,Nuclear medicine
eye health,Ophthalmological care
nuclear diagnostics,Nuclear medicine
rehabilitation options,Physical medicine and rehabilitation
pathology lab,Laboratory services
pharmacology options,Clinical pharmacology
pharmacology care,Clinical pharmacology
nuclear medicine imaging,Nuclear medicine
women health conditions,Women's health
medical assistance,General medical care
ear nose throat checkup,Otorhinolaryngological care
women checkup,Women's health
sports medicine treatment,Occupational and sports medicine
spec,Specialized clinics
emergency medical options,Emergency medical care
speciali,Specialized clinics
specialized health,Specialized clinics
nuclear m,Nuclear medicine
surg,Surgical care
reproductive treatment,Reproductive medicine
radiological imaging,Radiological diagnostics
labo,Laboratory services
general examination,General medical care
mental health care,Psychological and psychiatric care
genetic checkup,Reproductive medicine
urgent care,Emergency medical care
occupational health,Occupational and sports medicine
psychological treatment,Psychological and psychiatric care
lab tests,Laboratory services
child health,Pediatric care
specialized services,Specialized clinics
pharmacy services,Clinical pharmacology
eye care,Ophthalmological care
primary care,Internal medicine care
rehab services,Physical medicine and rehabilitation
fertility services,Reproductive medicine
nuclear medicine,Nuclear medicine
medical emergency services,Emergency medical care
women medical,Women's health
ENT care,Otorhinolaryngological care
bacteria,Infectious disease care
radiology checkup,Radiological diagnostics
infectious disease specialists,Infectious disease care
emergency room,Emergency medical care
psychiatric treatment,Psychological and psychiatric care
medical assistance,Internal medicine care
pharmaceutical care,Clinical pharmacology
sports health services,Occupational and sports medicine
psychological specialists,Psychological and psychiatric care
reproductive medicine,Reproductive medicine
radiological checkup,Radiological diagnostics
reproductive services,Reproductive medicine
oncology care,Oncological care
ophthalmological health,Ophthalmological care
eye checkup,Ophthalmological care
fertility treatments,Reproductive medicine
psychiatric specialists,Psychological and psychiatric care
ENT specialist,Otorhinolaryngological care
physical therapy specialists,Physical medicine and rehabilitation
occupational medicine,Occupational and sports medicine
ear nose throat health,Otorhinolaryngological care
adult care,Internal medicine care
viral infection,Infectious disease care
dent,Dental care
sports medicine,Occupational and sports medicine
lab reports,Laboratory services
child medicine,Pediatric care
women issues,Women's health
infectious disease treatment,Infectious disease care
occupational medicine treatment,Occupational and sports medicine
radiological diagnostics,Radiological diagnostics
pediatric treatment,Pediatric care
rehabilitation specialists,Physical medicine and rehabilitation
ophthalmological checkup,Ophthalmological care
pediatric health,Pediatric care
lab services,Laboratory services
reproductive care,Reproductive medicine
dental options,Dental care
radiology clinic,Radiological diagnostics
virus,Infectious disease care
reproductive checkup,Reproductive medicine
surgical services,Surgical care
nuclear me,Nuclear medicine
dental care,Dental care
denta,Dental care
ophthalmologist,Ophthalmological care
sports medicine clinic,Occupational and sports medicine
specialty clinics,Specialized clinics
specialty treatment,Specialized clinics
radiology diagnostics,Radiological diagnostics
fertility expert,Reproductive medicine
infectious disease medical care,Infectious disease care
infectious disease,Infectious disease care
women wellness,Women's health
lab,Laboratory services
medical treatment,General medical care
emergency care,Emergency medical care
infectious disease treatments,Infectious disease care
comprehensive care,Internal medicine care
radiological tests,Radiological diagnostics
ophthalmological examination,Ophthalmological care
general physician,General medical care
child center,Pediatric care
surgery procedures,Surgical care
ophthalmological services,Ophthalmological care
clinical pharmacists,Clinical pharmacology
ENT health,Otorhinolaryngological care
reproductive doctor,Reproductive medicine
specialty services,Specialized clinics
infectious disease control,Infectious disease care
specialized,Specialized clinics
infectious disease examination,Infectious disease care
pharmaceutical services,Clinical pharmacology
nuclear services,Nuclear medicine
physical medicine,Physical medicine and rehabilitation
ophthalmological treatment,Ophthalmological care
specialized medical,Specialized clinics
infection,Infectious disease care
lab analysis,Laboratory services
dental care treatments,Dental care
family medicine,General medical care
radiology specialists,Radiological diagnostics
physical rehabilitation,Physical medicine and rehabilitation
medical services,Internal medicine care
sports medicine specialists,Occupational and sports medicine
cancer clinic,Oncological care
general practitioner,General medical care
bacterial infection,Infectious disease care
reproductive specialists,Reproductive medicine
genetic disease,Reproductive medicine
medical emergency,Emergency medical care
cancer facilities,Oncological care
eye services,Ophthalmological care
ophthalmological specialists,Ophthalmological care
infectious disease specialists,Infectious disease care
specializ,Specialized clinics
women problems,Women's health
surgery treatment,Surgical care
general medical services,General medical care
radiological services,Radiological diagnostics
emergency medical services,Emergency medical care
infectious disease prevention,Infectious disease care
infectious disease services,Infectious disease care
pharmacology specialists,Clinical pharmacology
infectious disease checkup,Infectious disease care
ENT care center,Otorhinolaryngological care
fertility specialists,Reproductive medicine
rehab treatment,Physical medicine and rehabilitation
fertility care,Reproductive medicine
nuclear examinations,Nuclear medicine
infectious disease facilities,Infectious disease care
specialty healthcare,Specialized clinics
radiology tests,Radiological diagnostics
cancer specialists,Oncological care
surgery clinic,Surgical care
pharmacy specialists,Clinical pharmacology
pharmacology treatments,Clinical pharmacology
surgeon clinic,Surgical care
emergency medical health,Emergency medical care
occupational medicine services,Occupational and sports medicine
pediatric checkup,Pediatric care
oncology services,Oncological care
otorhinolaryngological treatment,Otorhinolaryngological care
lab technicians,Laboratory services
psychiatric health,Psychological and psychiatric care
emergency medical center,Emergency medical care
medical nuclear,Nuclear medicine
women specialists,Women's health
den,Dental care
lab facilities,Laboratory services
infectious disease diagnosis,Infectious disease care
sports medicine services,Occupational and sports medicine
physical therapy services,Physical medicine and rehabilitation
internal specialist,Internal medicine care
teeh care,Dental care
inte,Internal medicine care
nuclear procedures,Nuclear medicine
medical lab,Laboratory services
internal physician,Internal medicine care
emergency healthcare,Emergency medical care
laboratory,Laboratory services
nuclear imaging,Nuclear medicine
mental health checkup,Psychological and psychiatric care
ENT services,Otorhinolaryngological care
dental health care,Dental care
radiology examinations,Radiological diagnostics
dental services,Dental care
general medical treatment,General medical care
specialized care,Internal medicine care
lab experiments,Laboratory services
pharmacology services,Clinical pharmacology
mental health services,Psychological and psychiatric care
ophthalmological care,Ophthalmological care
oncological care,Oncological care
cancer treatment,Oncological care
general health,General medical care
dental treatments,Dental care
pediatrician,Pediatric care
radiological clinic,Radiological diagnostics
occupational health specialists,Occupational and sports medicine
nuclear technology,Nuclear medicine
pharmacology services,Clinical pharmacology
labor,Laboratory services
physical therapy clinic,Physical medicine and rehabilitation
blood test,Laboratory services
psychological care,Psychological and psychiatric care
lab investigations,Laboratory services
surgeon services,Surgical care
clinical pharmacy,Clinical pharmacology
infectious disease management,Infectious disease care
child doctor,Pediatric care
medical specialty,Specialized clinics
sports health clinic,Occupational and sports medicine
fertility health,Reproductive medicine
medical treatment,Internal medicine care
radiology services,Radiological diagnostics
psychological clinic,Psychological and psychiatric care
women services,Women's health
otorhinolaryngological services,Otorhinolaryngological care
pediatric,Pediatric care
nuclear,Nuclear medicine
specialized healthcare,Specialized clinics
eye specialists,Ophthalmological care
surgical,Surgical care
clinical lab,Laboratory services
psychological care services,Psychological and psychiatric care
mental health clinic,Psychological and psychiatric care
cancer care,Oncological care
healthcare,Internal medicine care
medical care,General medical care
lab procedures,Laboratory services
fertility treatment,Reproductive medicine
cancer options,Oncological care
women health center,Women's health
surgical health,Surgical care
women health concerns,Women's health
diagnostic imaging,Radiological diagnostics
psychological services,Psychological and psychiatric care
infectious disease clinic,Infectious disease care
sur,Surgical care
general checkup,General medical care
general doctor,General medical care
specialized clinics,Specialized clinics
surgery,Surgical care
ENT check,Otorhinolaryngological care
ear nose throat treatment,Otorhinolaryngological care
women reproductive,Women's health
surgery specialists,Surgical care
inter,Internal medicine care
infectious disease center,Infectious disease care
infectious,Infectious disease care
pharmacology center,Clinical pharmacology
pediatric services,Pediatric care
ophthalmological clinic,Ophthalmological care
oncology specialists,Oncological care
clinical pharmacology clinic,Clinical pharmacology
specia,Specialized clinics
general health concerns,General medical care
healthcare,General medical care
special clinics,Specialized clinics
internal med,Internal medicine care
lab samples,Laboratory services
occupational medicine clinic,Occupational and sports medicine
surgeon,Surgical care
medical care,Internal medicine care
internal care,Internal medicine care
specialize,Specialized clinics
diagnostic services,Radiological diagnostics
urgent medical care,Emergency medical care
pharmacology health,Clinical pharmacology
physical therapy,Physical medicine and rehabilitation
specialty centers,Specialized clinics
eye clinic,Ophthalmological care
oncology clinic,Oncological care
geneology,Reproductive medicine
laborat,Laboratory services
surgery care,Surgical care
